key,name,description,cover_image_url,external_url
utah,"Utah","Historic Newspapers from Utah","https://s3.amazonaws.com/beyond-words-images/flags/ut.png","http://chroniclingamerica.loc.gov/search/pages/results/?state=Utah"
pennsylvania,"Pennsylvania","Historic Newspapers from Pennsylvania","https://s3.amazonaws.com/beyond-words-images/flags/pa.png","http://chroniclingamerica.loc.gov/search/pages/results/?state=Pennsylvania"
missouri,"Missouri","Historic Newspapers from Missouri","https://s3.amazonaws.com/beyond-words-images/flags/mo.png","http://chroniclingamerica.loc.gov/search/pages/results/?state=Missouri"
washington,"Washington","Historic Newspapers from Washington","https://s3.amazonaws.com/beyond-words-images/flags/wa.png","http://chroniclingamerica.loc.gov/search/pages/results/?state=Washington"
arizona,"Arizona","Historic Newspapers from Arizona","https://s3.amazonaws.com/beyond-words-images/flags/az.png","http://chroniclingamerica.loc.gov/search/pages/results/?state=Arizona"
ohio,"Ohio","Historic Newspapers from Ohio","https://s3.amazonaws.com/beyond-words-images/flags/oh.png","http://chroniclingamerica.loc.gov/search/pages/results/?state=Ohio"
new-york,"New York","Historic Newspapers from New York","https://s3.amazonaws.com/beyond-words-images/flags/ny.png","http://chroniclingamerica.loc.gov/search/pages/results/?state=New+York"
oregon,"Oregon","Historic Newspapers from Oregon","https://s3.amazonaws.com/beyond-words-images/flags/or.png","http://chroniclingamerica.loc.gov/search/pages/results/?state=Oregon"
oklahoma,"Oklahoma","Historic Newspapers from Oklahoma","https://s3.amazonaws.com/beyond-words-images/flags/ok.png","http://chroniclingamerica.loc.gov/search/pages/results/?state=Oklahoma"
kentucky,"Kentucky","Historic Newspapers from Kentucky","https://s3.amazonaws.com/beyond-words-images/flags/ky.png","http://chroniclingamerica.loc.gov/search/pages/results/?state=Kentucky"
illinois,"Illinois","Historic Newspapers from Illinois","https://s3.amazonaws.com/beyond-words-images/flags/il.png","http://chroniclingamerica.loc.gov/search/pages/results/?state=Illinois"
district-of-columbia,"District of Columbia","Historic Newspapers from District of Columbia","https://s3.amazonaws.com/beyond-words-images/flags/dc.png","http://chroniclingamerica.loc.gov/search/pages/results/?state=District+of+Columbia"
texas,"Texas","Historic Newspapers from Texas","https://s3.amazonaws.com/beyond-words-images/flags/tx.png","http://chroniclingamerica.loc.gov/search/pages/results/?state=Texas"
florida,"Florida","Historic Newspapers from Florida","https://s3.amazonaws.com/beyond-words-images/flags/fl.png","http://chroniclingamerica.loc.gov/search/pages/results/?state=Florida"
louisiana,"Louisiana","Historic Newspapers from Louisiana","https://s3.amazonaws.com/beyond-words-images/flags/la.png","http://chroniclingamerica.loc.gov/search/pages/results/?state=Louisiana"
nebraska,"Nebraska","Historic Newspapers from Nebraska","https://s3.amazonaws.com/beyond-words-images/flags/ne.png","http://chroniclingamerica.loc.gov/search/pages/results/?state=Nebraska"
minnesota,"Minnesota","Historic Newspapers from Minnesota","https://s3.amazonaws.com/beyond-words-images/flags/mn.png","http://chroniclingamerica.loc.gov/search/pages/results/?state=Minnesota"
south-carolina,"South Carolina","Historic Newspapers from South Carolina","https://s3.amazonaws.com/beyond-words-images/flags/sc.png","http://chroniclingamerica.loc.gov/search/pages/results/?state=South+Carolina"
virginia,"Virginia","Historic Newspapers from Virginia","https://s3.amazonaws.com/beyond-words-images/flags/va.png","http://chroniclingamerica.loc.gov/search/pages/results/?state=Virginia"
new-mexico,"New Mexico","Historic Newspapers from New Mexico","https://s3.amazonaws.com/beyond-words-images/flags/nm.png","http://chroniclingamerica.loc.gov/search/pages/results/?state=New+Mexico"
vermont,"Vermont","Historic Newspapers from Vermont","https://s3.amazonaws.com/beyond-words-images/flags/vt.png","http://chroniclingamerica.loc.gov/search/pages/results/?state=Vermont"
hawaii,"Hawaii","Historic Newspapers from Hawaii","https://s3.amazonaws.com/beyond-words-images/flags/hi.png","http://chroniclingamerica.loc.gov/search/pages/results/?state=Hawaii"
north-dakota,"North Dakota","Historic Newspapers from North Dakota","https://s3.amazonaws.com/beyond-words-images/flags/nd.png","http://chroniclingamerica.loc.gov/search/pages/results/?state=North+Dakota"
kansas,"Kansas","Historic Newspapers from Kansas","https://s3.amazonaws.com/beyond-words-images/flags/ks.png","http://chroniclingamerica.loc.gov/search/pages/results/?state=Kansas"
montana,"Montana","Historic Newspapers from Montana","https://s3.amazonaws.com/beyond-words-images/flags/mt.png","http://chroniclingamerica.loc.gov/search/pages/results/?state=Montana"
iowa,"Iowa","Historic Newspapers from Iowa","https://s3.amazonaws.com/beyond-words-images/flags/ia.png","http://chroniclingamerica.loc.gov/search/pages/results/?state=Iowa"
north-carolina,"North Carolina","Historic Newspapers from North Carolina","https://s3.amazonaws.com/beyond-words-images/flags/nc.png","http://chroniclingamerica.loc.gov/search/pages/results/?state=North+Carolina"
tennessee,"Tennessee","Historic Newspapers from Tennessee","https://s3.amazonaws.com/beyond-words-images/flags/tn.png","http://chroniclingamerica.loc.gov/search/pages/results/?state=Tennessee"
indiana,"Indiana","Historic Newspapers from Indiana","https://s3.amazonaws.com/beyond-words-images/flags/in.png","http://chroniclingamerica.loc.gov/search/pages/results/?state=Indiana"
michigan,"Michigan","Historic Newspapers from Michigan","https://s3.amazonaws.com/beyond-words-images/flags/mi.png","http://chroniclingamerica.loc.gov/search/pages/results/?state=Michigan"
mississippi,"Mississippi","Historic Newspapers from Mississippi","https://s3.amazonaws.com/beyond-words-images/flags/ms.png","http://chroniclingamerica.loc.gov/search/pages/results/?state=Mississippi"
connecticut,"Connecticut","Historic Newspapers from Connecticut","https://s3.amazonaws.com/beyond-words-images/flags/ct.png","http://chroniclingamerica.loc.gov/search/pages/results/?state=Connecticut"
idaho,"Idaho","Historic Newspapers from Idaho","https://s3.amazonaws.com/beyond-words-images/flags/id.png","http://chroniclingamerica.loc.gov/search/pages/results/?state=Idaho"
maryland,"Maryland","Historic Newspapers from Maryland","https://s3.amazonaws.com/beyond-words-images/flags/md.png","http://chroniclingamerica.loc.gov/search/pages/results/?state=Maryland"
south-dakota,"South Dakota","Historic Newspapers from South Dakota","https://s3.amazonaws.com/beyond-words-images/flags/sd.png","http://chroniclingamerica.loc.gov/search/pages/results/?state=South+Dakota"
nevada,"Nevada","Historic Newspapers from Nevada","https://s3.amazonaws.com/beyond-words-images/flags/nv.png","http://chroniclingamerica.loc.gov/search/pages/results/?state=Nevada"
west-virginia,"West Virginia","Historic Newspapers from West Virginia","https://s3.amazonaws.com/beyond-words-images/flags/wv.png","http://chroniclingamerica.loc.gov/search/pages/results/?state=West+Virginia"
delaware,"Delaware","Historic Newspapers from Delaware","https://s3.amazonaws.com/beyond-words-images/flags/de.png","http://chroniclingamerica.loc.gov/search/pages/results/?state=Delaware"
wisconsin,"Wisconsin","Historic Newspapers from Wisconsin","https://s3.amazonaws.com/beyond-words-images/flags/wi.png","http://chroniclingamerica.loc.gov/search/pages/results/?state=Wisconsin"
alaska,"Alaska","Historic Newspapers from Alaska","https://s3.amazonaws.com/beyond-words-images/flags/ak.png","http://chroniclingamerica.loc.gov/search/pages/results/?state=Alaska"
