order,set_key,subject_url,subject_description,resize,file_path,thumbnail,width,height,alto
1,"http://chroniclingamerica.loc.gov/lccn/sn83025146/1917-04-07/ed-1/seq-1/","http://chroniclingamerica.loc.gov/lccn/sn83025146/1917-04-07/ed-1/seq-1/","Pioneer press. April 07, 1917. Page 1",1.000000,"http://s3.amazonaws.com/ndnp-jpeg-surrogates/wvu_gorn_ver01/data/sn83025146/00271768217/1917040701/1211.jpg","http://chroniclingamerica.loc.gov/lccn/sn83025146/1917-04-07/ed-1/seq-1/thumbnail.jpg",6372,9426,"http://s3.amazonaws.com/ndnp-batches/wvu_gorn_ver01/data/sn83025146/00271768217/1917040701/1211.xml"
2,"http://chroniclingamerica.loc.gov/lccn/sn83025146/1917-04-07/ed-1/seq-2/","http://chroniclingamerica.loc.gov/lccn/sn83025146/1917-04-07/ed-1/seq-2/","Pioneer press. April 07, 1917. Page 2",1.000000,"http://s3.amazonaws.com/ndnp-jpeg-surrogates/wvu_gorn_ver01/data/sn83025146/00271768217/1917040701/1212.jpg","http://chroniclingamerica.loc.gov/lccn/sn83025146/1917-04-07/ed-1/seq-2/thumbnail.jpg",6309,9236,"http://s3.amazonaws.com/ndnp-batches/wvu_gorn_ver01/data/sn83025146/00271768217/1917040701/1212.xml"
3,"http://chroniclingamerica.loc.gov/lccn/sn83025146/1917-04-07/ed-1/seq-3/","http://chroniclingamerica.loc.gov/lccn/sn83025146/1917-04-07/ed-1/seq-3/","Pioneer press. April 07, 1917. Page 3",1.000000,"http://s3.amazonaws.com/ndnp-jpeg-surrogates/wvu_gorn_ver01/data/sn83025146/00271768217/1917040701/1213.jpg","http://chroniclingamerica.loc.gov/lccn/sn83025146/1917-04-07/ed-1/seq-3/thumbnail.jpg",6266,9384,"http://s3.amazonaws.com/ndnp-batches/wvu_gorn_ver01/data/sn83025146/00271768217/1917040701/1213.xml"
4,"http://chroniclingamerica.loc.gov/lccn/sn83025146/1917-04-07/ed-1/seq-4/","http://chroniclingamerica.loc.gov/lccn/sn83025146/1917-04-07/ed-1/seq-4/","Pioneer press. April 07, 1917. Page 4",1.000000,"http://s3.amazonaws.com/ndnp-jpeg-surrogates/wvu_gorn_ver01/data/sn83025146/00271768217/1917040701/1214.jpg","http://chroniclingamerica.loc.gov/lccn/sn83025146/1917-04-07/ed-1/seq-4/thumbnail.jpg",6320,9193,"http://s3.amazonaws.com/ndnp-batches/wvu_gorn_ver01/data/sn83025146/00271768217/1917040701/1214.xml"
5,"http://chroniclingamerica.loc.gov/lccn/sn83025146/1917-04-14/ed-1/seq-1/","http://chroniclingamerica.loc.gov/lccn/sn83025146/1917-04-14/ed-1/seq-1/","Pioneer press. April 14, 1917. Page 1",1.000000,"http://s3.amazonaws.com/ndnp-jpeg-surrogates/wvu_gorn_ver01/data/sn83025146/00271768217/1917041401/1215.jpg","http://chroniclingamerica.loc.gov/lccn/sn83025146/1917-04-14/ed-1/seq-1/thumbnail.jpg",6288,9458,"http://s3.amazonaws.com/ndnp-batches/wvu_gorn_ver01/data/sn83025146/00271768217/1917041401/1215.xml"
6,"http://chroniclingamerica.loc.gov/lccn/sn83025146/1917-04-14/ed-1/seq-2/","http://chroniclingamerica.loc.gov/lccn/sn83025146/1917-04-14/ed-1/seq-2/","Pioneer press. April 14, 1917. Page 2",1.000000,"http://s3.amazonaws.com/ndnp-jpeg-surrogates/wvu_gorn_ver01/data/sn83025146/00271768217/1917041401/1216.jpg","http://chroniclingamerica.loc.gov/lccn/sn83025146/1917-04-14/ed-1/seq-2/thumbnail.jpg",6214,9300,"http://s3.amazonaws.com/ndnp-batches/wvu_gorn_ver01/data/sn83025146/00271768217/1917041401/1216.xml"
7,"http://chroniclingamerica.loc.gov/lccn/sn83025146/1917-04-14/ed-1/seq-3/","http://chroniclingamerica.loc.gov/lccn/sn83025146/1917-04-14/ed-1/seq-3/","Pioneer press. April 14, 1917. Page 3",1.000000,"http://s3.amazonaws.com/ndnp-jpeg-surrogates/wvu_gorn_ver01/data/sn83025146/00271768217/1917041401/1217.jpg","http://chroniclingamerica.loc.gov/lccn/sn83025146/1917-04-14/ed-1/seq-3/thumbnail.jpg",6288,9331,"http://s3.amazonaws.com/ndnp-batches/wvu_gorn_ver01/data/sn83025146/00271768217/1917041401/1217.xml"
8,"http://chroniclingamerica.loc.gov/lccn/sn83025146/1917-04-14/ed-1/seq-4/","http://chroniclingamerica.loc.gov/lccn/sn83025146/1917-04-14/ed-1/seq-4/","Pioneer press. April 14, 1917. Page 4",1.000000,"http://s3.amazonaws.com/ndnp-jpeg-surrogates/wvu_gorn_ver01/data/sn83025146/00271768217/1917041401/1218.jpg","http://chroniclingamerica.loc.gov/lccn/sn83025146/1917-04-14/ed-1/seq-4/thumbnail.jpg",6277,9225,"http://s3.amazonaws.com/ndnp-batches/wvu_gorn_ver01/data/sn83025146/00271768217/1917041401/1218.xml"
9,"http://chroniclingamerica.loc.gov/lccn/sn83025146/1917-04-21/ed-1/seq-1/","http://chroniclingamerica.loc.gov/lccn/sn83025146/1917-04-21/ed-1/seq-1/","Pioneer press. April 21, 1917. Page 1",1.000000,"http://s3.amazonaws.com/ndnp-jpeg-surrogates/wvu_gorn_ver01/data/sn83025146/00271768217/1917042101/1219.jpg","http://chroniclingamerica.loc.gov/lccn/sn83025146/1917-04-21/ed-1/seq-1/thumbnail.jpg",6393,9363,"http://s3.amazonaws.com/ndnp-batches/wvu_gorn_ver01/data/sn83025146/00271768217/1917042101/1219.xml"
10,"http://chroniclingamerica.loc.gov/lccn/sn83025146/1917-04-21/ed-1/seq-2/","http://chroniclingamerica.loc.gov/lccn/sn83025146/1917-04-21/ed-1/seq-2/","Pioneer press. April 21, 1917. Page 2",1.000000,"http://s3.amazonaws.com/ndnp-jpeg-surrogates/wvu_gorn_ver01/data/sn83025146/00271768217/1917042101/1220.jpg","http://chroniclingamerica.loc.gov/lccn/sn83025146/1917-04-21/ed-1/seq-2/thumbnail.jpg",6256,9278,"http://s3.amazonaws.com/ndnp-batches/wvu_gorn_ver01/data/sn83025146/00271768217/1917042101/1220.xml"
11,"http://chroniclingamerica.loc.gov/lccn/sn83025146/1917-04-21/ed-1/seq-3/","http://chroniclingamerica.loc.gov/lccn/sn83025146/1917-04-21/ed-1/seq-3/","Pioneer press. April 21, 1917. Page 3",1.000000,"http://s3.amazonaws.com/ndnp-jpeg-surrogates/wvu_gorn_ver01/data/sn83025146/00271768217/1917042101/1221.jpg","http://chroniclingamerica.loc.gov/lccn/sn83025146/1917-04-21/ed-1/seq-3/thumbnail.jpg",6309,9352,"http://s3.amazonaws.com/ndnp-batches/wvu_gorn_ver01/data/sn83025146/00271768217/1917042101/1221.xml"
12,"http://chroniclingamerica.loc.gov/lccn/sn83025146/1917-04-21/ed-1/seq-4/","http://chroniclingamerica.loc.gov/lccn/sn83025146/1917-04-21/ed-1/seq-4/","Pioneer press. April 21, 1917. Page 4",1.000000,"http://s3.amazonaws.com/ndnp-jpeg-surrogates/wvu_gorn_ver01/data/sn83025146/00271768217/1917042101/1222.jpg","http://chroniclingamerica.loc.gov/lccn/sn83025146/1917-04-21/ed-1/seq-4/thumbnail.jpg",6266,9226,"http://s3.amazonaws.com/ndnp-batches/wvu_gorn_ver01/data/sn83025146/00271768217/1917042101/1222.xml"
13,"http://chroniclingamerica.loc.gov/lccn/sn83025146/1917-04-28/ed-1/seq-1/","http://chroniclingamerica.loc.gov/lccn/sn83025146/1917-04-28/ed-1/seq-1/","Pioneer press. April 28, 1917. Page 1",1.000000,"http://s3.amazonaws.com/ndnp-jpeg-surrogates/wvu_gorn_ver01/data/sn83025146/00271768217/1917042801/1223.jpg","http://chroniclingamerica.loc.gov/lccn/sn83025146/1917-04-28/ed-1/seq-1/thumbnail.jpg",6372,9374,"http://s3.amazonaws.com/ndnp-batches/wvu_gorn_ver01/data/sn83025146/00271768217/1917042801/1223.xml"
14,"http://chroniclingamerica.loc.gov/lccn/sn83025146/1917-04-28/ed-1/seq-2/","http://chroniclingamerica.loc.gov/lccn/sn83025146/1917-04-28/ed-1/seq-2/","Pioneer press. April 28, 1917. Page 2",1.000000,"http://s3.amazonaws.com/ndnp-jpeg-surrogates/wvu_gorn_ver01/data/sn83025146/00271768217/1917042801/1224.jpg","http://chroniclingamerica.loc.gov/lccn/sn83025146/1917-04-28/ed-1/seq-2/thumbnail.jpg",6256,9204,"http://s3.amazonaws.com/ndnp-batches/wvu_gorn_ver01/data/sn83025146/00271768217/1917042801/1224.xml"
15,"http://chroniclingamerica.loc.gov/lccn/sn83025146/1917-04-28/ed-1/seq-3/","http://chroniclingamerica.loc.gov/lccn/sn83025146/1917-04-28/ed-1/seq-3/","Pioneer press. April 28, 1917. Page 3",1.000000,"http://s3.amazonaws.com/ndnp-jpeg-surrogates/wvu_gorn_ver01/data/sn83025146/00271768217/1917042801/1225.jpg","http://chroniclingamerica.loc.gov/lccn/sn83025146/1917-04-28/ed-1/seq-3/thumbnail.jpg",6308,9437,"http://s3.amazonaws.com/ndnp-batches/wvu_gorn_ver01/data/sn83025146/00271768217/1917042801/1225.xml"
16,"http://chroniclingamerica.loc.gov/lccn/sn83025146/1917-04-28/ed-1/seq-4/","http://chroniclingamerica.loc.gov/lccn/sn83025146/1917-04-28/ed-1/seq-4/","Pioneer press. April 28, 1917. Page 4",1.000000,"http://s3.amazonaws.com/ndnp-jpeg-surrogates/wvu_gorn_ver01/data/sn83025146/00271768217/1917042801/1226.jpg","http://chroniclingamerica.loc.gov/lccn/sn83025146/1917-04-28/ed-1/seq-4/thumbnail.jpg",6267,9341,"http://s3.amazonaws.com/ndnp-batches/wvu_gorn_ver01/data/sn83025146/00271768217/1917042801/1226.xml"
17,"http://chroniclingamerica.loc.gov/lccn/sn83025146/1917-05-05/ed-1/seq-1/","http://chroniclingamerica.loc.gov/lccn/sn83025146/1917-05-05/ed-1/seq-1/","Pioneer press. May 05, 1917. Page 1",1.000000,"http://s3.amazonaws.com/ndnp-jpeg-surrogates/wvu_gorn_ver01/data/sn83025146/00271768217/1917050501/1227.jpg","http://chroniclingamerica.loc.gov/lccn/sn83025146/1917-05-05/ed-1/seq-1/thumbnail.jpg",6309,9490,"http://s3.amazonaws.com/ndnp-batches/wvu_gorn_ver01/data/sn83025146/00271768217/1917050501/1227.xml"
18,"http://chroniclingamerica.loc.gov/lccn/sn83025146/1917-05-05/ed-1/seq-2/","http://chroniclingamerica.loc.gov/lccn/sn83025146/1917-05-05/ed-1/seq-2/","Pioneer press. May 05, 1917. Page 2",1.000000,"http://s3.amazonaws.com/ndnp-jpeg-surrogates/wvu_gorn_ver01/data/sn83025146/00271768217/1917050501/1228.jpg","http://chroniclingamerica.loc.gov/lccn/sn83025146/1917-05-05/ed-1/seq-2/thumbnail.jpg",6246,9267,"http://s3.amazonaws.com/ndnp-batches/wvu_gorn_ver01/data/sn83025146/00271768217/1917050501/1228.xml"
19,"http://chroniclingamerica.loc.gov/lccn/sn83025146/1917-05-05/ed-1/seq-3/","http://chroniclingamerica.loc.gov/lccn/sn83025146/1917-05-05/ed-1/seq-3/","Pioneer press. May 05, 1917. Page 3",1.000000,"http://s3.amazonaws.com/ndnp-jpeg-surrogates/wvu_gorn_ver01/data/sn83025146/00271768217/1917050501/1229.jpg","http://chroniclingamerica.loc.gov/lccn/sn83025146/1917-05-05/ed-1/seq-3/thumbnail.jpg",6340,9300,"http://s3.amazonaws.com/ndnp-batches/wvu_gorn_ver01/data/sn83025146/00271768217/1917050501/1229.xml"
20,"http://chroniclingamerica.loc.gov/lccn/sn83025146/1917-05-05/ed-1/seq-4/","http://chroniclingamerica.loc.gov/lccn/sn83025146/1917-05-05/ed-1/seq-4/","Pioneer press. May 05, 1917. Page 4",1.000000,"http://s3.amazonaws.com/ndnp-jpeg-surrogates/wvu_gorn_ver01/data/sn83025146/00271768217/1917050501/1230.jpg","http://chroniclingamerica.loc.gov/lccn/sn83025146/1917-05-05/ed-1/seq-4/thumbnail.jpg",6246,9257,"http://s3.amazonaws.com/ndnp-batches/wvu_gorn_ver01/data/sn83025146/00271768217/1917050501/1230.xml"
21,"http://chroniclingamerica.loc.gov/lccn/sn83025146/1917-05-12/ed-1/seq-1/","http://chroniclingamerica.loc.gov/lccn/sn83025146/1917-05-12/ed-1/seq-1/","Pioneer press. May 12, 1917. Page 1",1.000000,"http://s3.amazonaws.com/ndnp-jpeg-surrogates/wvu_gorn_ver01/data/sn83025146/00271768217/1917051201/1231.jpg","http://chroniclingamerica.loc.gov/lccn/sn83025146/1917-05-12/ed-1/seq-1/thumbnail.jpg",6362,9437,"http://s3.amazonaws.com/ndnp-batches/wvu_gorn_ver01/data/sn83025146/00271768217/1917051201/1231.xml"
22,"http://chroniclingamerica.loc.gov/lccn/sn83025146/1917-05-12/ed-1/seq-2/","http://chroniclingamerica.loc.gov/lccn/sn83025146/1917-05-12/ed-1/seq-2/","Pioneer press. May 12, 1917. Page 2",1.000000,"http://s3.amazonaws.com/ndnp-jpeg-surrogates/wvu_gorn_ver01/data/sn83025146/00271768217/1917051201/1232.jpg","http://chroniclingamerica.loc.gov/lccn/sn83025146/1917-05-12/ed-1/seq-2/thumbnail.jpg",6330,9268,"http://s3.amazonaws.com/ndnp-batches/wvu_gorn_ver01/data/sn83025146/00271768217/1917051201/1232.xml"
23,"http://chroniclingamerica.loc.gov/lccn/sn83025146/1917-05-12/ed-1/seq-3/","http://chroniclingamerica.loc.gov/lccn/sn83025146/1917-05-12/ed-1/seq-3/","Pioneer press. May 12, 1917. Page 3",1.000000,"http://s3.amazonaws.com/ndnp-jpeg-surrogates/wvu_gorn_ver01/data/sn83025146/00271768217/1917051201/1233.jpg","http://chroniclingamerica.loc.gov/lccn/sn83025146/1917-05-12/ed-1/seq-3/thumbnail.jpg",6245,9373,"http://s3.amazonaws.com/ndnp-batches/wvu_gorn_ver01/data/sn83025146/00271768217/1917051201/1233.xml"
24,"http://chroniclingamerica.loc.gov/lccn/sn83025146/1917-05-12/ed-1/seq-4/","http://chroniclingamerica.loc.gov/lccn/sn83025146/1917-05-12/ed-1/seq-4/","Pioneer press. May 12, 1917. Page 4",1.000000,"http://s3.amazonaws.com/ndnp-jpeg-surrogates/wvu_gorn_ver01/data/sn83025146/00271768217/1917051201/1234.jpg","http://chroniclingamerica.loc.gov/lccn/sn83025146/1917-05-12/ed-1/seq-4/thumbnail.jpg",6256,9342,"http://s3.amazonaws.com/ndnp-batches/wvu_gorn_ver01/data/sn83025146/00271768217/1917051201/1234.xml"
25,"http://chroniclingamerica.loc.gov/lccn/sn83025146/1917-05-19/ed-1/seq-1/","http://chroniclingamerica.loc.gov/lccn/sn83025146/1917-05-19/ed-1/seq-1/","Pioneer press. May 19, 1917. Page 1",1.000000,"http://s3.amazonaws.com/ndnp-jpeg-surrogates/wvu_gorn_ver01/data/sn83025146/00271768217/1917051901/1235.jpg","http://chroniclingamerica.loc.gov/lccn/sn83025146/1917-05-19/ed-1/seq-1/thumbnail.jpg",6298,9469,"http://s3.amazonaws.com/ndnp-batches/wvu_gorn_ver01/data/sn83025146/00271768217/1917051901/1235.xml"
26,"http://chroniclingamerica.loc.gov/lccn/sn83025146/1917-05-19/ed-1/seq-2/","http://chroniclingamerica.loc.gov/lccn/sn83025146/1917-05-19/ed-1/seq-2/","Pioneer press. May 19, 1917. Page 2",1.000000,"http://s3.amazonaws.com/ndnp-jpeg-surrogates/wvu_gorn_ver01/data/sn83025146/00271768217/1917051901/1236.jpg","http://chroniclingamerica.loc.gov/lccn/sn83025146/1917-05-19/ed-1/seq-2/thumbnail.jpg",6246,9236,"http://s3.amazonaws.com/ndnp-batches/wvu_gorn_ver01/data/sn83025146/00271768217/1917051901/1236.xml"
27,"http://chroniclingamerica.loc.gov/lccn/sn83025146/1917-05-19/ed-1/seq-3/","http://chroniclingamerica.loc.gov/lccn/sn83025146/1917-05-19/ed-1/seq-3/","Pioneer press. May 19, 1917. Page 3",1.000000,"http://s3.amazonaws.com/ndnp-jpeg-surrogates/wvu_gorn_ver01/data/sn83025146/00271768217/1917051901/1237.jpg","http://chroniclingamerica.loc.gov/lccn/sn83025146/1917-05-19/ed-1/seq-3/thumbnail.jpg",6372,9427,"http://s3.amazonaws.com/ndnp-batches/wvu_gorn_ver01/data/sn83025146/00271768217/1917051901/1237.xml"
28,"http://chroniclingamerica.loc.gov/lccn/sn83025146/1917-05-19/ed-1/seq-4/","http://chroniclingamerica.loc.gov/lccn/sn83025146/1917-05-19/ed-1/seq-4/","Pioneer press. May 19, 1917. Page 4",1.000000,"http://s3.amazonaws.com/ndnp-jpeg-surrogates/wvu_gorn_ver01/data/sn83025146/00271768217/1917051901/1238.jpg","http://chroniclingamerica.loc.gov/lccn/sn83025146/1917-05-19/ed-1/seq-4/thumbnail.jpg",6182,9278,"http://s3.amazonaws.com/ndnp-batches/wvu_gorn_ver01/data/sn83025146/00271768217/1917051901/1238.xml"
29,"http://chroniclingamerica.loc.gov/lccn/sn83025146/1917-05-26/ed-1/seq-1/","http://chroniclingamerica.loc.gov/lccn/sn83025146/1917-05-26/ed-1/seq-1/","Pioneer press. May 26, 1917. Page 1",1.000000,"http://s3.amazonaws.com/ndnp-jpeg-surrogates/wvu_gorn_ver01/data/sn83025146/00271768217/1917052601/1239.jpg","http://chroniclingamerica.loc.gov/lccn/sn83025146/1917-05-26/ed-1/seq-1/thumbnail.jpg",6361,9384,"http://s3.amazonaws.com/ndnp-batches/wvu_gorn_ver01/data/sn83025146/00271768217/1917052601/1239.xml"
30,"http://chroniclingamerica.loc.gov/lccn/sn83025146/1917-05-26/ed-1/seq-2/","http://chroniclingamerica.loc.gov/lccn/sn83025146/1917-05-26/ed-1/seq-2/","Pioneer press. May 26, 1917. Page 2",1.000000,"http://s3.amazonaws.com/ndnp-jpeg-surrogates/wvu_gorn_ver01/data/sn83025146/00271768217/1917052601/1240.jpg","http://chroniclingamerica.loc.gov/lccn/sn83025146/1917-05-26/ed-1/seq-2/thumbnail.jpg",6288,9215,"http://s3.amazonaws.com/ndnp-batches/wvu_gorn_ver01/data/sn83025146/00271768217/1917052601/1240.xml"
31,"http://chroniclingamerica.loc.gov/lccn/sn83025146/1917-05-26/ed-1/seq-3/","http://chroniclingamerica.loc.gov/lccn/sn83025146/1917-05-26/ed-1/seq-3/","Pioneer press. May 26, 1917. Page 3",1.000000,"http://s3.amazonaws.com/ndnp-jpeg-surrogates/wvu_gorn_ver01/data/sn83025146/00271768217/1917052601/1241.jpg","http://chroniclingamerica.loc.gov/lccn/sn83025146/1917-05-26/ed-1/seq-3/thumbnail.jpg",6298,9352,"http://s3.amazonaws.com/ndnp-batches/wvu_gorn_ver01/data/sn83025146/00271768217/1917052601/1241.xml"
32,"http://chroniclingamerica.loc.gov/lccn/sn83025146/1917-05-26/ed-1/seq-4/","http://chroniclingamerica.loc.gov/lccn/sn83025146/1917-05-26/ed-1/seq-4/","Pioneer press. May 26, 1917. Page 4",1.000000,"http://s3.amazonaws.com/ndnp-jpeg-surrogates/wvu_gorn_ver01/data/sn83025146/00271768217/1917052601/1242.jpg","http://chroniclingamerica.loc.gov/lccn/sn83025146/1917-05-26/ed-1/seq-4/thumbnail.jpg",6193,9194,"http://s3.amazonaws.com/ndnp-batches/wvu_gorn_ver01/data/sn83025146/00271768217/1917052601/1242.xml"
33,"http://chroniclingamerica.loc.gov/lccn/sn83025146/1917-06-02/ed-1/seq-1/","http://chroniclingamerica.loc.gov/lccn/sn83025146/1917-06-02/ed-1/seq-1/","Pioneer press. June 02, 1917. Page 1",1.000000,"http://s3.amazonaws.com/ndnp-jpeg-surrogates/wvu_gorn_ver01/data/sn83025146/00271768217/1917060201/1243.jpg","http://chroniclingamerica.loc.gov/lccn/sn83025146/1917-06-02/ed-1/seq-1/thumbnail.jpg",6256,9394,"http://s3.amazonaws.com/ndnp-batches/wvu_gorn_ver01/data/sn83025146/00271768217/1917060201/1243.xml"
34,"http://chroniclingamerica.loc.gov/lccn/sn83025146/1917-06-02/ed-1/seq-2/","http://chroniclingamerica.loc.gov/lccn/sn83025146/1917-06-02/ed-1/seq-2/","Pioneer press. June 02, 1917. Page 2",1.000000,"http://s3.amazonaws.com/ndnp-jpeg-surrogates/wvu_gorn_ver01/data/sn83025146/00271768217/1917060201/1244.jpg","http://chroniclingamerica.loc.gov/lccn/sn83025146/1917-06-02/ed-1/seq-2/thumbnail.jpg",6256,9310,"http://s3.amazonaws.com/ndnp-batches/wvu_gorn_ver01/data/sn83025146/00271768217/1917060201/1244.xml"
35,"http://chroniclingamerica.loc.gov/lccn/sn83025146/1917-06-02/ed-1/seq-3/","http://chroniclingamerica.loc.gov/lccn/sn83025146/1917-06-02/ed-1/seq-3/","Pioneer press. June 02, 1917. Page 3",1.000000,"http://s3.amazonaws.com/ndnp-jpeg-surrogates/wvu_gorn_ver01/data/sn83025146/00271768217/1917060201/1245.jpg","http://chroniclingamerica.loc.gov/lccn/sn83025146/1917-06-02/ed-1/seq-3/thumbnail.jpg",6352,9448,"http://s3.amazonaws.com/ndnp-batches/wvu_gorn_ver01/data/sn83025146/00271768217/1917060201/1245.xml"
36,"http://chroniclingamerica.loc.gov/lccn/sn83025146/1917-06-02/ed-1/seq-4/","http://chroniclingamerica.loc.gov/lccn/sn83025146/1917-06-02/ed-1/seq-4/","Pioneer press. June 02, 1917. Page 4",1.000000,"http://s3.amazonaws.com/ndnp-jpeg-surrogates/wvu_gorn_ver01/data/sn83025146/00271768217/1917060201/1246.jpg","http://chroniclingamerica.loc.gov/lccn/sn83025146/1917-06-02/ed-1/seq-4/thumbnail.jpg",6193,9278,"http://s3.amazonaws.com/ndnp-batches/wvu_gorn_ver01/data/sn83025146/00271768217/1917060201/1246.xml"
37,"http://chroniclingamerica.loc.gov/lccn/sn83025146/1917-06-09/ed-1/seq-1/","http://chroniclingamerica.loc.gov/lccn/sn83025146/1917-06-09/ed-1/seq-1/","Pioneer press. June 09, 1917. Page 1",1.000000,"http://s3.amazonaws.com/ndnp-jpeg-surrogates/wvu_gorn_ver01/data/sn83025146/00271768217/1917060901/1247.jpg","http://chroniclingamerica.loc.gov/lccn/sn83025146/1917-06-09/ed-1/seq-1/thumbnail.jpg",6309,9331,"http://s3.amazonaws.com/ndnp-batches/wvu_gorn_ver01/data/sn83025146/00271768217/1917060901/1247.xml"
38,"http://chroniclingamerica.loc.gov/lccn/sn83025146/1917-06-09/ed-1/seq-2/","http://chroniclingamerica.loc.gov/lccn/sn83025146/1917-06-09/ed-1/seq-2/","Pioneer press. June 09, 1917. Page 2",1.000000,"http://s3.amazonaws.com/ndnp-jpeg-surrogates/wvu_gorn_ver01/data/sn83025146/00271768217/1917060901/1248.jpg","http://chroniclingamerica.loc.gov/lccn/sn83025146/1917-06-09/ed-1/seq-2/thumbnail.jpg",6266,9320,"http://s3.amazonaws.com/ndnp-batches/wvu_gorn_ver01/data/sn83025146/00271768217/1917060901/1248.xml"
39,"http://chroniclingamerica.loc.gov/lccn/sn83025146/1917-06-09/ed-1/seq-3/","http://chroniclingamerica.loc.gov/lccn/sn83025146/1917-06-09/ed-1/seq-3/","Pioneer press. June 09, 1917. Page 3",1.000000,"http://s3.amazonaws.com/ndnp-jpeg-surrogates/wvu_gorn_ver01/data/sn83025146/00271768217/1917060901/1249.jpg","http://chroniclingamerica.loc.gov/lccn/sn83025146/1917-06-09/ed-1/seq-3/thumbnail.jpg",6298,9278,"http://s3.amazonaws.com/ndnp-batches/wvu_gorn_ver01/data/sn83025146/00271768217/1917060901/1249.xml"
40,"http://chroniclingamerica.loc.gov/lccn/sn83025146/1917-06-09/ed-1/seq-4/","http://chroniclingamerica.loc.gov/lccn/sn83025146/1917-06-09/ed-1/seq-4/","Pioneer press. June 09, 1917. Page 4",1.000000,"http://s3.amazonaws.com/ndnp-jpeg-surrogates/wvu_gorn_ver01/data/sn83025146/00271768217/1917060901/1250.jpg","http://chroniclingamerica.loc.gov/lccn/sn83025146/1917-06-09/ed-1/seq-4/thumbnail.jpg",6172,9257,"http://s3.amazonaws.com/ndnp-batches/wvu_gorn_ver01/data/sn83025146/00271768217/1917060901/1250.xml"
41,"http://chroniclingamerica.loc.gov/lccn/sn83025146/1917-06-16/ed-1/seq-1/","http://chroniclingamerica.loc.gov/lccn/sn83025146/1917-06-16/ed-1/seq-1/","Pioneer press. June 16, 1917. Page 1",1.000000,"http://s3.amazonaws.com/ndnp-jpeg-surrogates/wvu_gorn_ver01/data/sn83025146/00271768217/1917061601/1251.jpg","http://chroniclingamerica.loc.gov/lccn/sn83025146/1917-06-16/ed-1/seq-1/thumbnail.jpg",6351,9469,"http://s3.amazonaws.com/ndnp-batches/wvu_gorn_ver01/data/sn83025146/00271768217/1917061601/1251.xml"
42,"http://chroniclingamerica.loc.gov/lccn/sn83025146/1917-06-16/ed-1/seq-2/","http://chroniclingamerica.loc.gov/lccn/sn83025146/1917-06-16/ed-1/seq-2/","Pioneer press. June 16, 1917. Page 2",1.000000,"http://s3.amazonaws.com/ndnp-jpeg-surrogates/wvu_gorn_ver01/data/sn83025146/00271768217/1917061601/1252.jpg","http://chroniclingamerica.loc.gov/lccn/sn83025146/1917-06-16/ed-1/seq-2/thumbnail.jpg",6298,9331,"http://s3.amazonaws.com/ndnp-batches/wvu_gorn_ver01/data/sn83025146/00271768217/1917061601/1252.xml"
43,"http://chroniclingamerica.loc.gov/lccn/sn83025146/1917-06-16/ed-1/seq-3/","http://chroniclingamerica.loc.gov/lccn/sn83025146/1917-06-16/ed-1/seq-3/","Pioneer press. June 16, 1917. Page 3",1.000000,"http://s3.amazonaws.com/ndnp-jpeg-surrogates/wvu_gorn_ver01/data/sn83025146/00271768217/1917061601/1253.jpg","http://chroniclingamerica.loc.gov/lccn/sn83025146/1917-06-16/ed-1/seq-3/thumbnail.jpg",6372,9405,"http://s3.amazonaws.com/ndnp-batches/wvu_gorn_ver01/data/sn83025146/00271768217/1917061601/1253.xml"
44,"http://chroniclingamerica.loc.gov/lccn/sn83025146/1917-06-16/ed-1/seq-4/","http://chroniclingamerica.loc.gov/lccn/sn83025146/1917-06-16/ed-1/seq-4/","Pioneer press. June 16, 1917. Page 4",1.000000,"http://s3.amazonaws.com/ndnp-jpeg-surrogates/wvu_gorn_ver01/data/sn83025146/00271768217/1917061601/1254.jpg","http://chroniclingamerica.loc.gov/lccn/sn83025146/1917-06-16/ed-1/seq-4/thumbnail.jpg",6129,9247,"http://s3.amazonaws.com/ndnp-batches/wvu_gorn_ver01/data/sn83025146/00271768217/1917061601/1254.xml"
45,"http://chroniclingamerica.loc.gov/lccn/sn83025146/1917-06-23/ed-1/seq-1/","http://chroniclingamerica.loc.gov/lccn/sn83025146/1917-06-23/ed-1/seq-1/","Pioneer press. June 23, 1917. Page 1",1.000000,"http://s3.amazonaws.com/ndnp-jpeg-surrogates/wvu_gorn_ver01/data/sn83025146/00271768217/1917062301/1255.jpg","http://chroniclingamerica.loc.gov/lccn/sn83025146/1917-06-23/ed-1/seq-1/thumbnail.jpg",6340,9448,"http://s3.amazonaws.com/ndnp-batches/wvu_gorn_ver01/data/sn83025146/00271768217/1917062301/1255.xml"
46,"http://chroniclingamerica.loc.gov/lccn/sn83025146/1917-06-23/ed-1/seq-2/","http://chroniclingamerica.loc.gov/lccn/sn83025146/1917-06-23/ed-1/seq-2/","Pioneer press. June 23, 1917. Page 2",1.000000,"http://s3.amazonaws.com/ndnp-jpeg-surrogates/wvu_gorn_ver01/data/sn83025146/00271768217/1917062301/1256.jpg","http://chroniclingamerica.loc.gov/lccn/sn83025146/1917-06-23/ed-1/seq-2/thumbnail.jpg",6288,9246,"http://s3.amazonaws.com/ndnp-batches/wvu_gorn_ver01/data/sn83025146/00271768217/1917062301/1256.xml"
47,"http://chroniclingamerica.loc.gov/lccn/sn83025146/1917-06-23/ed-1/seq-3/","http://chroniclingamerica.loc.gov/lccn/sn83025146/1917-06-23/ed-1/seq-3/","Pioneer press. June 23, 1917. Page 3",1.000000,"http://s3.amazonaws.com/ndnp-jpeg-surrogates/wvu_gorn_ver01/data/sn83025146/00271768217/1917062301/1257.jpg","http://chroniclingamerica.loc.gov/lccn/sn83025146/1917-06-23/ed-1/seq-3/thumbnail.jpg",6362,9310,"http://s3.amazonaws.com/ndnp-batches/wvu_gorn_ver01/data/sn83025146/00271768217/1917062301/1257.xml"
48,"http://chroniclingamerica.loc.gov/lccn/sn83025146/1917-06-23/ed-1/seq-4/","http://chroniclingamerica.loc.gov/lccn/sn83025146/1917-06-23/ed-1/seq-4/","Pioneer press. June 23, 1917. Page 4",1.000000,"http://s3.amazonaws.com/ndnp-jpeg-surrogates/wvu_gorn_ver01/data/sn83025146/00271768217/1917062301/1258.jpg","http://chroniclingamerica.loc.gov/lccn/sn83025146/1917-06-23/ed-1/seq-4/thumbnail.jpg",6193,9310,"http://s3.amazonaws.com/ndnp-batches/wvu_gorn_ver01/data/sn83025146/00271768217/1917062301/1258.xml"
49,"http://chroniclingamerica.loc.gov/lccn/sn83025146/1917-06-30/ed-1/seq-1/","http://chroniclingamerica.loc.gov/lccn/sn83025146/1917-06-30/ed-1/seq-1/","Pioneer press. June 30, 1917. Page 1",1.000000,"http://s3.amazonaws.com/ndnp-jpeg-surrogates/wvu_gorn_ver01/data/sn83025146/00271768217/1917063001/1259.jpg","http://chroniclingamerica.loc.gov/lccn/sn83025146/1917-06-30/ed-1/seq-1/thumbnail.jpg",6330,9458,"http://s3.amazonaws.com/ndnp-batches/wvu_gorn_ver01/data/sn83025146/00271768217/1917063001/1259.xml"
50,"http://chroniclingamerica.loc.gov/lccn/sn83025146/1917-06-30/ed-1/seq-2/","http://chroniclingamerica.loc.gov/lccn/sn83025146/1917-06-30/ed-1/seq-2/","Pioneer press. June 30, 1917. Page 2",1.000000,"http://s3.amazonaws.com/ndnp-jpeg-surrogates/wvu_gorn_ver01/data/sn83025146/00271768217/1917063001/1260.jpg","http://chroniclingamerica.loc.gov/lccn/sn83025146/1917-06-30/ed-1/seq-2/thumbnail.jpg",6288,9352,"http://s3.amazonaws.com/ndnp-batches/wvu_gorn_ver01/data/sn83025146/00271768217/1917063001/1260.xml"
51,"http://chroniclingamerica.loc.gov/lccn/sn83025146/1917-06-30/ed-1/seq-3/","http://chroniclingamerica.loc.gov/lccn/sn83025146/1917-06-30/ed-1/seq-3/","Pioneer press. June 30, 1917. Page 3",1.000000,"http://s3.amazonaws.com/ndnp-jpeg-surrogates/wvu_gorn_ver01/data/sn83025146/00271768217/1917063001/1261.jpg","http://chroniclingamerica.loc.gov/lccn/sn83025146/1917-06-30/ed-1/seq-3/thumbnail.jpg",6404,9384,"http://s3.amazonaws.com/ndnp-batches/wvu_gorn_ver01/data/sn83025146/00271768217/1917063001/1261.xml"
52,"http://chroniclingamerica.loc.gov/lccn/sn83025146/1917-06-30/ed-1/seq-4/","http://chroniclingamerica.loc.gov/lccn/sn83025146/1917-06-30/ed-1/seq-4/","Pioneer press. June 30, 1917. Page 4",1.000000,"http://s3.amazonaws.com/ndnp-jpeg-surrogates/wvu_gorn_ver01/data/sn83025146/00271768217/1917063001/1262.jpg","http://chroniclingamerica.loc.gov/lccn/sn83025146/1917-06-30/ed-1/seq-4/thumbnail.jpg",6267,9246,"http://s3.amazonaws.com/ndnp-batches/wvu_gorn_ver01/data/sn83025146/00271768217/1917063001/1262.xml"
53,"http://chroniclingamerica.loc.gov/lccn/sn83025146/1917-07-07/ed-1/seq-1/","http://chroniclingamerica.loc.gov/lccn/sn83025146/1917-07-07/ed-1/seq-1/","Pioneer press. July 07, 1917. Page 1",1.000000,"http://s3.amazonaws.com/ndnp-jpeg-surrogates/wvu_gorn_ver01/data/sn83025146/00271768217/1917070701/1263.jpg","http://chroniclingamerica.loc.gov/lccn/sn83025146/1917-07-07/ed-1/seq-1/thumbnail.jpg",6341,9384,"http://s3.amazonaws.com/ndnp-batches/wvu_gorn_ver01/data/sn83025146/00271768217/1917070701/1263.xml"
54,"http://chroniclingamerica.loc.gov/lccn/sn83025146/1917-07-07/ed-1/seq-2/","http://chroniclingamerica.loc.gov/lccn/sn83025146/1917-07-07/ed-1/seq-2/","Pioneer press. July 07, 1917. Page 2",1.000000,"http://s3.amazonaws.com/ndnp-jpeg-surrogates/wvu_gorn_ver01/data/sn83025146/00271768217/1917070701/1264.jpg","http://chroniclingamerica.loc.gov/lccn/sn83025146/1917-07-07/ed-1/seq-2/thumbnail.jpg",6309,9205,"http://s3.amazonaws.com/ndnp-batches/wvu_gorn_ver01/data/sn83025146/00271768217/1917070701/1264.xml"
55,"http://chroniclingamerica.loc.gov/lccn/sn83025146/1917-07-07/ed-1/seq-3/","http://chroniclingamerica.loc.gov/lccn/sn83025146/1917-07-07/ed-1/seq-3/","Pioneer press. July 07, 1917. Page 3",1.000000,"http://s3.amazonaws.com/ndnp-jpeg-surrogates/wvu_gorn_ver01/data/sn83025146/00271768217/1917070701/1265.jpg","http://chroniclingamerica.loc.gov/lccn/sn83025146/1917-07-07/ed-1/seq-3/thumbnail.jpg",6055,9014,"http://s3.amazonaws.com/ndnp-batches/wvu_gorn_ver01/data/sn83025146/00271768217/1917070701/1265.xml"
56,"http://chroniclingamerica.loc.gov/lccn/sn83025146/1917-07-07/ed-1/seq-4/","http://chroniclingamerica.loc.gov/lccn/sn83025146/1917-07-07/ed-1/seq-4/","Pioneer press. July 07, 1917. Page 4",1.000000,"http://s3.amazonaws.com/ndnp-jpeg-surrogates/wvu_gorn_ver01/data/sn83025146/00271768217/1917070701/1266.jpg","http://chroniclingamerica.loc.gov/lccn/sn83025146/1917-07-07/ed-1/seq-4/thumbnail.jpg",6118,9214,"http://s3.amazonaws.com/ndnp-batches/wvu_gorn_ver01/data/sn83025146/00271768217/1917070701/1266.xml"
57,"http://chroniclingamerica.loc.gov/lccn/sn83025146/1917-07-14/ed-1/seq-1/","http://chroniclingamerica.loc.gov/lccn/sn83025146/1917-07-14/ed-1/seq-1/","Pioneer press. July 14, 1917. Page 1",1.000000,"http://s3.amazonaws.com/ndnp-jpeg-surrogates/wvu_gorn_ver01/data/sn83025146/00271768217/1917071401/1267.jpg","http://chroniclingamerica.loc.gov/lccn/sn83025146/1917-07-14/ed-1/seq-1/thumbnail.jpg",6352,9310,"http://s3.amazonaws.com/ndnp-batches/wvu_gorn_ver01/data/sn83025146/00271768217/1917071401/1267.xml"
58,"http://chroniclingamerica.loc.gov/lccn/sn83025146/1917-07-14/ed-1/seq-2/","http://chroniclingamerica.loc.gov/lccn/sn83025146/1917-07-14/ed-1/seq-2/","Pioneer press. July 14, 1917. Page 2",1.000000,"http://s3.amazonaws.com/ndnp-jpeg-surrogates/wvu_gorn_ver01/data/sn83025146/00271768217/1917071401/1268.jpg","http://chroniclingamerica.loc.gov/lccn/sn83025146/1917-07-14/ed-1/seq-2/thumbnail.jpg",6245,9331,"http://s3.amazonaws.com/ndnp-batches/wvu_gorn_ver01/data/sn83025146/00271768217/1917071401/1268.xml"
59,"http://chroniclingamerica.loc.gov/lccn/sn83025146/1917-07-14/ed-1/seq-3/","http://chroniclingamerica.loc.gov/lccn/sn83025146/1917-07-14/ed-1/seq-3/","Pioneer press. July 14, 1917. Page 3",1.000000,"http://s3.amazonaws.com/ndnp-jpeg-surrogates/wvu_gorn_ver01/data/sn83025146/00271768217/1917071401/1269.jpg","http://chroniclingamerica.loc.gov/lccn/sn83025146/1917-07-14/ed-1/seq-3/thumbnail.jpg",6404,9447,"http://s3.amazonaws.com/ndnp-batches/wvu_gorn_ver01/data/sn83025146/00271768217/1917071401/1269.xml"
60,"http://chroniclingamerica.loc.gov/lccn/sn83025146/1917-07-14/ed-1/seq-4/","http://chroniclingamerica.loc.gov/lccn/sn83025146/1917-07-14/ed-1/seq-4/","Pioneer press. July 14, 1917. Page 4",1.000000,"http://s3.amazonaws.com/ndnp-jpeg-surrogates/wvu_gorn_ver01/data/sn83025146/00271768217/1917071401/1270.jpg","http://chroniclingamerica.loc.gov/lccn/sn83025146/1917-07-14/ed-1/seq-4/thumbnail.jpg",6192,9332,"http://s3.amazonaws.com/ndnp-batches/wvu_gorn_ver01/data/sn83025146/00271768217/1917071401/1270.xml"
61,"http://chroniclingamerica.loc.gov/lccn/sn83025146/1917-07-28/ed-1/seq-1/","http://chroniclingamerica.loc.gov/lccn/sn83025146/1917-07-28/ed-1/seq-1/","Pioneer press. July 28, 1917. Page 1",1.000000,"http://s3.amazonaws.com/ndnp-jpeg-surrogates/wvu_gorn_ver01/data/sn83025146/00271768217/1917072801/1271.jpg","http://chroniclingamerica.loc.gov/lccn/sn83025146/1917-07-28/ed-1/seq-1/thumbnail.jpg",6404,9447,"http://s3.amazonaws.com/ndnp-batches/wvu_gorn_ver01/data/sn83025146/00271768217/1917072801/1271.xml"
62,"http://chroniclingamerica.loc.gov/lccn/sn83025146/1917-07-28/ed-1/seq-2/","http://chroniclingamerica.loc.gov/lccn/sn83025146/1917-07-28/ed-1/seq-2/","Pioneer press. July 28, 1917. Page 2",1.000000,"http://s3.amazonaws.com/ndnp-jpeg-surrogates/wvu_gorn_ver01/data/sn83025146/00271768217/1917072801/1272.jpg","http://chroniclingamerica.loc.gov/lccn/sn83025146/1917-07-28/ed-1/seq-2/thumbnail.jpg",6287,9331,"http://s3.amazonaws.com/ndnp-batches/wvu_gorn_ver01/data/sn83025146/00271768217/1917072801/1272.xml"
63,"http://chroniclingamerica.loc.gov/lccn/sn83025146/1917-07-28/ed-1/seq-3/","http://chroniclingamerica.loc.gov/lccn/sn83025146/1917-07-28/ed-1/seq-3/","Pioneer press. July 28, 1917. Page 3",1.000000,"http://s3.amazonaws.com/ndnp-jpeg-surrogates/wvu_gorn_ver01/data/sn83025146/00271768217/1917072801/1273.jpg","http://chroniclingamerica.loc.gov/lccn/sn83025146/1917-07-28/ed-1/seq-3/thumbnail.jpg",6382,9331,"http://s3.amazonaws.com/ndnp-batches/wvu_gorn_ver01/data/sn83025146/00271768217/1917072801/1273.xml"
64,"http://chroniclingamerica.loc.gov/lccn/sn83025146/1917-07-28/ed-1/seq-4/","http://chroniclingamerica.loc.gov/lccn/sn83025146/1917-07-28/ed-1/seq-4/","Pioneer press. July 28, 1917. Page 4",1.000000,"http://s3.amazonaws.com/ndnp-jpeg-surrogates/wvu_gorn_ver01/data/sn83025146/00271768217/1917072801/1274.jpg","http://chroniclingamerica.loc.gov/lccn/sn83025146/1917-07-28/ed-1/seq-4/thumbnail.jpg",6256,9331,"http://s3.amazonaws.com/ndnp-batches/wvu_gorn_ver01/data/sn83025146/00271768217/1917072801/1274.xml"
65,"http://chroniclingamerica.loc.gov/lccn/sn83025146/1917-08-04/ed-1/seq-1/","http://chroniclingamerica.loc.gov/lccn/sn83025146/1917-08-04/ed-1/seq-1/","Pioneer press. August 04, 1917. Page 1",1.000000,"http://s3.amazonaws.com/ndnp-jpeg-surrogates/wvu_gorn_ver01/data/sn83025146/00271768217/1917080401/1275.jpg","http://chroniclingamerica.loc.gov/lccn/sn83025146/1917-08-04/ed-1/seq-1/thumbnail.jpg",6394,9458,"http://s3.amazonaws.com/ndnp-batches/wvu_gorn_ver01/data/sn83025146/00271768217/1917080401/1275.xml"
66,"http://chroniclingamerica.loc.gov/lccn/sn83025146/1917-08-04/ed-1/seq-2/","http://chroniclingamerica.loc.gov/lccn/sn83025146/1917-08-04/ed-1/seq-2/","Pioneer press. August 04, 1917. Page 2",1.000000,"http://s3.amazonaws.com/ndnp-jpeg-surrogates/wvu_gorn_ver01/data/sn83025146/00271768217/1917080401/1276.jpg","http://chroniclingamerica.loc.gov/lccn/sn83025146/1917-08-04/ed-1/seq-2/thumbnail.jpg",6245,9321,"http://s3.amazonaws.com/ndnp-batches/wvu_gorn_ver01/data/sn83025146/00271768217/1917080401/1276.xml"
67,"http://chroniclingamerica.loc.gov/lccn/sn83025146/1917-08-04/ed-1/seq-3/","http://chroniclingamerica.loc.gov/lccn/sn83025146/1917-08-04/ed-1/seq-3/","Pioneer press. August 04, 1917. Page 3",1.000000,"http://s3.amazonaws.com/ndnp-jpeg-surrogates/wvu_gorn_ver01/data/sn83025146/00271768217/1917080401/1277.jpg","http://chroniclingamerica.loc.gov/lccn/sn83025146/1917-08-04/ed-1/seq-3/thumbnail.jpg",6414,9384,"http://s3.amazonaws.com/ndnp-batches/wvu_gorn_ver01/data/sn83025146/00271768217/1917080401/1277.xml"
68,"http://chroniclingamerica.loc.gov/lccn/sn83025146/1917-08-04/ed-1/seq-4/","http://chroniclingamerica.loc.gov/lccn/sn83025146/1917-08-04/ed-1/seq-4/","Pioneer press. August 04, 1917. Page 4",1.000000,"http://s3.amazonaws.com/ndnp-jpeg-surrogates/wvu_gorn_ver01/data/sn83025146/00271768217/1917080401/1278.jpg","http://chroniclingamerica.loc.gov/lccn/sn83025146/1917-08-04/ed-1/seq-4/thumbnail.jpg",6266,9321,"http://s3.amazonaws.com/ndnp-batches/wvu_gorn_ver01/data/sn83025146/00271768217/1917080401/1278.xml"
69,"http://chroniclingamerica.loc.gov/lccn/sn83025146/1917-08-11/ed-1/seq-1/","http://chroniclingamerica.loc.gov/lccn/sn83025146/1917-08-11/ed-1/seq-1/","Pioneer press. August 11, 1917. Page 1",1.000000,"http://s3.amazonaws.com/ndnp-jpeg-surrogates/wvu_gorn_ver01/data/sn83025146/00271768217/1917081101/1279.jpg","http://chroniclingamerica.loc.gov/lccn/sn83025146/1917-08-11/ed-1/seq-1/thumbnail.jpg",6373,9373,"http://s3.amazonaws.com/ndnp-batches/wvu_gorn_ver01/data/sn83025146/00271768217/1917081101/1279.xml"
70,"http://chroniclingamerica.loc.gov/lccn/sn83025146/1917-08-11/ed-1/seq-2/","http://chroniclingamerica.loc.gov/lccn/sn83025146/1917-08-11/ed-1/seq-2/","Pioneer press. August 11, 1917. Page 2",1.000000,"http://s3.amazonaws.com/ndnp-jpeg-surrogates/wvu_gorn_ver01/data/sn83025146/00271768217/1917081101/1280.jpg","http://chroniclingamerica.loc.gov/lccn/sn83025146/1917-08-11/ed-1/seq-2/thumbnail.jpg",6256,9310,"http://s3.amazonaws.com/ndnp-batches/wvu_gorn_ver01/data/sn83025146/00271768217/1917081101/1280.xml"
71,"http://chroniclingamerica.loc.gov/lccn/sn83025146/1917-08-11/ed-1/seq-3/","http://chroniclingamerica.loc.gov/lccn/sn83025146/1917-08-11/ed-1/seq-3/","Pioneer press. August 11, 1917. Page 3",1.000000,"http://s3.amazonaws.com/ndnp-jpeg-surrogates/wvu_gorn_ver01/data/sn83025146/00271768217/1917081101/1281.jpg","http://chroniclingamerica.loc.gov/lccn/sn83025146/1917-08-11/ed-1/seq-3/thumbnail.jpg",6383,9427,"http://s3.amazonaws.com/ndnp-batches/wvu_gorn_ver01/data/sn83025146/00271768217/1917081101/1281.xml"
72,"http://chroniclingamerica.loc.gov/lccn/sn83025146/1917-08-11/ed-1/seq-4/","http://chroniclingamerica.loc.gov/lccn/sn83025146/1917-08-11/ed-1/seq-4/","Pioneer press. August 11, 1917. Page 4",1.000000,"http://s3.amazonaws.com/ndnp-jpeg-surrogates/wvu_gorn_ver01/data/sn83025146/00271768217/1917081101/1282.jpg","http://chroniclingamerica.loc.gov/lccn/sn83025146/1917-08-11/ed-1/seq-4/thumbnail.jpg",6256,9362,"http://s3.amazonaws.com/ndnp-batches/wvu_gorn_ver01/data/sn83025146/00271768217/1917081101/1282.xml"
73,"http://chroniclingamerica.loc.gov/lccn/sn83025146/1917-08-18/ed-1/seq-1/","http://chroniclingamerica.loc.gov/lccn/sn83025146/1917-08-18/ed-1/seq-1/","Pioneer press. August 18, 1917. Page 1",1.000000,"http://s3.amazonaws.com/ndnp-jpeg-surrogates/wvu_gorn_ver01/data/sn83025146/00271768217/1917081801/1283.jpg","http://chroniclingamerica.loc.gov/lccn/sn83025146/1917-08-18/ed-1/seq-1/thumbnail.jpg",6340,9415,"http://s3.amazonaws.com/ndnp-batches/wvu_gorn_ver01/data/sn83025146/00271768217/1917081801/1283.xml"
74,"http://chroniclingamerica.loc.gov/lccn/sn83025146/1917-08-18/ed-1/seq-2/","http://chroniclingamerica.loc.gov/lccn/sn83025146/1917-08-18/ed-1/seq-2/","Pioneer press. August 18, 1917. Page 2",1.000000,"http://s3.amazonaws.com/ndnp-jpeg-surrogates/wvu_gorn_ver01/data/sn83025146/00271768217/1917081801/1284.jpg","http://chroniclingamerica.loc.gov/lccn/sn83025146/1917-08-18/ed-1/seq-2/thumbnail.jpg",6214,9321,"http://s3.amazonaws.com/ndnp-batches/wvu_gorn_ver01/data/sn83025146/00271768217/1917081801/1284.xml"
75,"http://chroniclingamerica.loc.gov/lccn/sn83025146/1917-08-18/ed-1/seq-3/","http://chroniclingamerica.loc.gov/lccn/sn83025146/1917-08-18/ed-1/seq-3/","Pioneer press. August 18, 1917. Page 3",1.000000,"http://s3.amazonaws.com/ndnp-jpeg-surrogates/wvu_gorn_ver01/data/sn83025146/00271768217/1917081801/1285.jpg","http://chroniclingamerica.loc.gov/lccn/sn83025146/1917-08-18/ed-1/seq-3/thumbnail.jpg",6319,9363,"http://s3.amazonaws.com/ndnp-batches/wvu_gorn_ver01/data/sn83025146/00271768217/1917081801/1285.xml"
76,"http://chroniclingamerica.loc.gov/lccn/sn83025146/1917-08-18/ed-1/seq-4/","http://chroniclingamerica.loc.gov/lccn/sn83025146/1917-08-18/ed-1/seq-4/","Pioneer press. August 18, 1917. Page 4",1.000000,"http://s3.amazonaws.com/ndnp-jpeg-surrogates/wvu_gorn_ver01/data/sn83025146/00271768217/1917081801/1286.jpg","http://chroniclingamerica.loc.gov/lccn/sn83025146/1917-08-18/ed-1/seq-4/thumbnail.jpg",6277,9363,"http://s3.amazonaws.com/ndnp-batches/wvu_gorn_ver01/data/sn83025146/00271768217/1917081801/1286.xml"
77,"http://chroniclingamerica.loc.gov/lccn/sn83025146/1917-08-25/ed-1/seq-1/","http://chroniclingamerica.loc.gov/lccn/sn83025146/1917-08-25/ed-1/seq-1/","Pioneer press. August 25, 1917. Page 1",1.000000,"http://s3.amazonaws.com/ndnp-jpeg-surrogates/wvu_gorn_ver01/data/sn83025146/00271768217/1917082501/1287.jpg","http://chroniclingamerica.loc.gov/lccn/sn83025146/1917-08-25/ed-1/seq-1/thumbnail.jpg",6394,9469,"http://s3.amazonaws.com/ndnp-batches/wvu_gorn_ver01/data/sn83025146/00271768217/1917082501/1287.xml"
78,"http://chroniclingamerica.loc.gov/lccn/sn83025146/1917-08-25/ed-1/seq-2/","http://chroniclingamerica.loc.gov/lccn/sn83025146/1917-08-25/ed-1/seq-2/","Pioneer press. August 25, 1917. Page 2",1.000000,"http://s3.amazonaws.com/ndnp-jpeg-surrogates/wvu_gorn_ver01/data/sn83025146/00271768217/1917082501/1288.jpg","http://chroniclingamerica.loc.gov/lccn/sn83025146/1917-08-25/ed-1/seq-2/thumbnail.jpg",6192,9331,"http://s3.amazonaws.com/ndnp-batches/wvu_gorn_ver01/data/sn83025146/00271768217/1917082501/1288.xml"
79,"http://chroniclingamerica.loc.gov/lccn/sn83025146/1917-08-25/ed-1/seq-3/","http://chroniclingamerica.loc.gov/lccn/sn83025146/1917-08-25/ed-1/seq-3/","Pioneer press. August 25, 1917. Page 3",1.000000,"http://s3.amazonaws.com/ndnp-jpeg-surrogates/wvu_gorn_ver01/data/sn83025146/00271768217/1917082501/1289.jpg","http://chroniclingamerica.loc.gov/lccn/sn83025146/1917-08-25/ed-1/seq-3/thumbnail.jpg",6383,9342,"http://s3.amazonaws.com/ndnp-batches/wvu_gorn_ver01/data/sn83025146/00271768217/1917082501/1289.xml"
80,"http://chroniclingamerica.loc.gov/lccn/sn83025146/1917-08-25/ed-1/seq-4/","http://chroniclingamerica.loc.gov/lccn/sn83025146/1917-08-25/ed-1/seq-4/","Pioneer press. August 25, 1917. Page 4",1.000000,"http://s3.amazonaws.com/ndnp-jpeg-surrogates/wvu_gorn_ver01/data/sn83025146/00271768217/1917082501/1290.jpg","http://chroniclingamerica.loc.gov/lccn/sn83025146/1917-08-25/ed-1/seq-4/thumbnail.jpg",6299,9278,"http://s3.amazonaws.com/ndnp-batches/wvu_gorn_ver01/data/sn83025146/00271768217/1917082501/1290.xml"
81,"http://chroniclingamerica.loc.gov/lccn/sn83025146/1917-09-01/ed-1/seq-1/","http://chroniclingamerica.loc.gov/lccn/sn83025146/1917-09-01/ed-1/seq-1/","Pioneer press. September 01, 1917. Page 1",1.000000,"http://s3.amazonaws.com/ndnp-jpeg-surrogates/wvu_gorn_ver01/data/sn83025146/00271768217/1917090101/1291.jpg","http://chroniclingamerica.loc.gov/lccn/sn83025146/1917-09-01/ed-1/seq-1/thumbnail.jpg",6351,9479,"http://s3.amazonaws.com/ndnp-batches/wvu_gorn_ver01/data/sn83025146/00271768217/1917090101/1291.xml"
82,"http://chroniclingamerica.loc.gov/lccn/sn83025146/1917-09-01/ed-1/seq-2/","http://chroniclingamerica.loc.gov/lccn/sn83025146/1917-09-01/ed-1/seq-2/","Pioneer press. September 01, 1917. Page 2",1.000000,"http://s3.amazonaws.com/ndnp-jpeg-surrogates/wvu_gorn_ver01/data/sn83025146/00271768217/1917090101/1292.jpg","http://chroniclingamerica.loc.gov/lccn/sn83025146/1917-09-01/ed-1/seq-2/thumbnail.jpg",6203,9246,"http://s3.amazonaws.com/ndnp-batches/wvu_gorn_ver01/data/sn83025146/00271768217/1917090101/1292.xml"
83,"http://chroniclingamerica.loc.gov/lccn/sn83025146/1917-09-01/ed-1/seq-3/","http://chroniclingamerica.loc.gov/lccn/sn83025146/1917-09-01/ed-1/seq-3/","Pioneer press. September 01, 1917. Page 3",1.000000,"http://s3.amazonaws.com/ndnp-jpeg-surrogates/wvu_gorn_ver01/data/sn83025146/00271768217/1917090101/1293.jpg","http://chroniclingamerica.loc.gov/lccn/sn83025146/1917-09-01/ed-1/seq-3/thumbnail.jpg",6277,9353,"http://s3.amazonaws.com/ndnp-batches/wvu_gorn_ver01/data/sn83025146/00271768217/1917090101/1293.xml"
84,"http://chroniclingamerica.loc.gov/lccn/sn83025146/1917-09-01/ed-1/seq-4/","http://chroniclingamerica.loc.gov/lccn/sn83025146/1917-09-01/ed-1/seq-4/","Pioneer press. September 01, 1917. Page 4",1.000000,"http://s3.amazonaws.com/ndnp-jpeg-surrogates/wvu_gorn_ver01/data/sn83025146/00271768217/1917090101/1294.jpg","http://chroniclingamerica.loc.gov/lccn/sn83025146/1917-09-01/ed-1/seq-4/thumbnail.jpg",6224,9331,"http://s3.amazonaws.com/ndnp-batches/wvu_gorn_ver01/data/sn83025146/00271768217/1917090101/1294.xml"
85,"http://chroniclingamerica.loc.gov/lccn/sn83025146/1917-09-15/ed-1/seq-1/","http://chroniclingamerica.loc.gov/lccn/sn83025146/1917-09-15/ed-1/seq-1/","Pioneer press. September 15, 1917. Page 1",1.000000,"http://s3.amazonaws.com/ndnp-jpeg-surrogates/wvu_gorn_ver01/data/sn83025146/00271768217/1917091501/1295.jpg","http://chroniclingamerica.loc.gov/lccn/sn83025146/1917-09-15/ed-1/seq-1/thumbnail.jpg",6309,9342,"http://s3.amazonaws.com/ndnp-batches/wvu_gorn_ver01/data/sn83025146/00271768217/1917091501/1295.xml"
86,"http://chroniclingamerica.loc.gov/lccn/sn83025146/1917-09-15/ed-1/seq-2/","http://chroniclingamerica.loc.gov/lccn/sn83025146/1917-09-15/ed-1/seq-2/","Pioneer press. September 15, 1917. Page 2",1.000000,"http://s3.amazonaws.com/ndnp-jpeg-surrogates/wvu_gorn_ver01/data/sn83025146/00271768217/1917091501/1296.jpg","http://chroniclingamerica.loc.gov/lccn/sn83025146/1917-09-15/ed-1/seq-2/thumbnail.jpg",6182,9215,"http://s3.amazonaws.com/ndnp-batches/wvu_gorn_ver01/data/sn83025146/00271768217/1917091501/1296.xml"
87,"http://chroniclingamerica.loc.gov/lccn/sn83025146/1917-09-15/ed-1/seq-3/","http://chroniclingamerica.loc.gov/lccn/sn83025146/1917-09-15/ed-1/seq-3/","Pioneer press. September 15, 1917. Page 3",1.000000,"http://s3.amazonaws.com/ndnp-jpeg-surrogates/wvu_gorn_ver01/data/sn83025146/00271768217/1917091501/1297.jpg","http://chroniclingamerica.loc.gov/lccn/sn83025146/1917-09-15/ed-1/seq-3/thumbnail.jpg",6394,9415,"http://s3.amazonaws.com/ndnp-batches/wvu_gorn_ver01/data/sn83025146/00271768217/1917091501/1297.xml"
88,"http://chroniclingamerica.loc.gov/lccn/sn83025146/1917-09-15/ed-1/seq-4/","http://chroniclingamerica.loc.gov/lccn/sn83025146/1917-09-15/ed-1/seq-4/","Pioneer press. September 15, 1917. Page 4",1.000000,"http://s3.amazonaws.com/ndnp-jpeg-surrogates/wvu_gorn_ver01/data/sn83025146/00271768217/1917091501/1298.jpg","http://chroniclingamerica.loc.gov/lccn/sn83025146/1917-09-15/ed-1/seq-4/thumbnail.jpg",6288,9278,"http://s3.amazonaws.com/ndnp-batches/wvu_gorn_ver01/data/sn83025146/00271768217/1917091501/1298.xml"
89,"http://chroniclingamerica.loc.gov/lccn/sn83025146/1917-09-22/ed-1/seq-1/","http://chroniclingamerica.loc.gov/lccn/sn83025146/1917-09-22/ed-1/seq-1/","Pioneer press. September 22, 1917. Page 1",1.000000,"http://s3.amazonaws.com/ndnp-jpeg-surrogates/wvu_gorn_ver01/data/sn83025146/00271768217/1917092201/1299.jpg","http://chroniclingamerica.loc.gov/lccn/sn83025146/1917-09-22/ed-1/seq-1/thumbnail.jpg",6256,9257,"http://s3.amazonaws.com/ndnp-batches/wvu_gorn_ver01/data/sn83025146/00271768217/1917092201/1299.xml"
90,"http://chroniclingamerica.loc.gov/lccn/sn83025146/1917-09-22/ed-1/seq-2/","http://chroniclingamerica.loc.gov/lccn/sn83025146/1917-09-22/ed-1/seq-2/","Pioneer press. September 22, 1917. Page 2",1.000000,"http://s3.amazonaws.com/ndnp-jpeg-surrogates/wvu_gorn_ver01/data/sn83025146/00271768217/1917092201/1300.jpg","http://chroniclingamerica.loc.gov/lccn/sn83025146/1917-09-22/ed-1/seq-2/thumbnail.jpg",6224,9362,"http://s3.amazonaws.com/ndnp-batches/wvu_gorn_ver01/data/sn83025146/00271768217/1917092201/1300.xml"
91,"http://chroniclingamerica.loc.gov/lccn/sn83025146/1917-09-22/ed-1/seq-3/","http://chroniclingamerica.loc.gov/lccn/sn83025146/1917-09-22/ed-1/seq-3/","Pioneer press. September 22, 1917. Page 3",1.000000,"http://s3.amazonaws.com/ndnp-jpeg-surrogates/wvu_gorn_ver01/data/sn83025146/00271768217/1917092201/1301.jpg","http://chroniclingamerica.loc.gov/lccn/sn83025146/1917-09-22/ed-1/seq-3/thumbnail.jpg",6330,9268,"http://s3.amazonaws.com/ndnp-batches/wvu_gorn_ver01/data/sn83025146/00271768217/1917092201/1301.xml"
92,"http://chroniclingamerica.loc.gov/lccn/sn83025146/1917-09-22/ed-1/seq-4/","http://chroniclingamerica.loc.gov/lccn/sn83025146/1917-09-22/ed-1/seq-4/","Pioneer press. September 22, 1917. Page 4",1.000000,"http://s3.amazonaws.com/ndnp-jpeg-surrogates/wvu_gorn_ver01/data/sn83025146/00271768217/1917092201/1302.jpg","http://chroniclingamerica.loc.gov/lccn/sn83025146/1917-09-22/ed-1/seq-4/thumbnail.jpg",6341,9120,"http://s3.amazonaws.com/ndnp-batches/wvu_gorn_ver01/data/sn83025146/00271768217/1917092201/1302.xml"
93,"http://chroniclingamerica.loc.gov/lccn/sn84037217/1917-05-04/ed-1/seq-1/","http://chroniclingamerica.loc.gov/lccn/sn84037217/1917-05-04/ed-1/seq-1/","Greenbrier independent. May 04, 1917. Page 1",1.000000,"http://s3.amazonaws.com/ndnp-jpeg-surrogates/wvu_gorn_ver01/data/sn84037217/00415664953/1917050401/0125.jpg","http://chroniclingamerica.loc.gov/lccn/sn84037217/1917-05-04/ed-1/seq-1/thumbnail.jpg",5969,9002,"http://s3.amazonaws.com/ndnp-batches/wvu_gorn_ver01/data/sn84037217/00415664953/1917050401/0125.xml"
94,"http://chroniclingamerica.loc.gov/lccn/sn84037217/1917-05-04/ed-1/seq-2/","http://chroniclingamerica.loc.gov/lccn/sn84037217/1917-05-04/ed-1/seq-2/","Greenbrier independent. May 04, 1917. Page 2",1.000000,"http://s3.amazonaws.com/ndnp-jpeg-surrogates/wvu_gorn_ver01/data/sn84037217/00415664953/1917050401/0126.jpg","http://chroniclingamerica.loc.gov/lccn/sn84037217/1917-05-04/ed-1/seq-2/thumbnail.jpg",5930,9062,"http://s3.amazonaws.com/ndnp-batches/wvu_gorn_ver01/data/sn84037217/00415664953/1917050401/0126.xml"
95,"http://chroniclingamerica.loc.gov/lccn/sn84037217/1917-05-04/ed-1/seq-3/","http://chroniclingamerica.loc.gov/lccn/sn84037217/1917-05-04/ed-1/seq-3/","Greenbrier independent. May 04, 1917. Page 3",1.000000,"http://s3.amazonaws.com/ndnp-jpeg-surrogates/wvu_gorn_ver01/data/sn84037217/00415664953/1917050401/0127.jpg","http://chroniclingamerica.loc.gov/lccn/sn84037217/1917-05-04/ed-1/seq-3/thumbnail.jpg",5930,9031,"http://s3.amazonaws.com/ndnp-batches/wvu_gorn_ver01/data/sn84037217/00415664953/1917050401/0127.xml"
96,"http://chroniclingamerica.loc.gov/lccn/sn84037217/1917-05-04/ed-1/seq-4/","http://chroniclingamerica.loc.gov/lccn/sn84037217/1917-05-04/ed-1/seq-4/","Greenbrier independent. May 04, 1917. Page 4",1.000000,"http://s3.amazonaws.com/ndnp-jpeg-surrogates/wvu_gorn_ver01/data/sn84037217/00415664953/1917050401/0128.jpg","http://chroniclingamerica.loc.gov/lccn/sn84037217/1917-05-04/ed-1/seq-4/thumbnail.jpg",5920,9051,"http://s3.amazonaws.com/ndnp-batches/wvu_gorn_ver01/data/sn84037217/00415664953/1917050401/0128.xml"
97,"http://chroniclingamerica.loc.gov/lccn/sn84037217/1917-05-04/ed-1/seq-5/","http://chroniclingamerica.loc.gov/lccn/sn84037217/1917-05-04/ed-1/seq-5/","Greenbrier independent. May 04, 1917. Page 5",1.000000,"http://s3.amazonaws.com/ndnp-jpeg-surrogates/wvu_gorn_ver01/data/sn84037217/00415664953/1917050401/0129.jpg","http://chroniclingamerica.loc.gov/lccn/sn84037217/1917-05-04/ed-1/seq-5/thumbnail.jpg",5939,9305,"http://s3.amazonaws.com/ndnp-batches/wvu_gorn_ver01/data/sn84037217/00415664953/1917050401/0129.xml"
98,"http://chroniclingamerica.loc.gov/lccn/sn84037217/1917-05-04/ed-1/seq-6/","http://chroniclingamerica.loc.gov/lccn/sn84037217/1917-05-04/ed-1/seq-6/","Greenbrier independent. May 04, 1917. Page 6",1.000000,"http://s3.amazonaws.com/ndnp-jpeg-surrogates/wvu_gorn_ver01/data/sn84037217/00415664953/1917050401/0130.jpg","http://chroniclingamerica.loc.gov/lccn/sn84037217/1917-05-04/ed-1/seq-6/thumbnail.jpg",6027,9080,"http://s3.amazonaws.com/ndnp-batches/wvu_gorn_ver01/data/sn84037217/00415664953/1917050401/0130.xml"
99,"http://chroniclingamerica.loc.gov/lccn/sn84037217/1917-05-04/ed-1/seq-7/","http://chroniclingamerica.loc.gov/lccn/sn84037217/1917-05-04/ed-1/seq-7/","Greenbrier independent. May 04, 1917. Page 7",1.000000,"http://s3.amazonaws.com/ndnp-jpeg-surrogates/wvu_gorn_ver01/data/sn84037217/00415664953/1917050401/0131.jpg","http://chroniclingamerica.loc.gov/lccn/sn84037217/1917-05-04/ed-1/seq-7/thumbnail.jpg",5812,8904,"http://s3.amazonaws.com/ndnp-batches/wvu_gorn_ver01/data/sn84037217/00415664953/1917050401/0131.xml"
100,"http://chroniclingamerica.loc.gov/lccn/sn84037217/1917-05-04/ed-1/seq-8/","http://chroniclingamerica.loc.gov/lccn/sn84037217/1917-05-04/ed-1/seq-8/","Greenbrier independent. May 04, 1917. Page 8",1.000000,"http://s3.amazonaws.com/ndnp-jpeg-surrogates/wvu_gorn_ver01/data/sn84037217/00415664953/1917050401/0132.jpg","http://chroniclingamerica.loc.gov/lccn/sn84037217/1917-05-04/ed-1/seq-8/thumbnail.jpg",5966,9123,"http://s3.amazonaws.com/ndnp-batches/wvu_gorn_ver01/data/sn84037217/00415664953/1917050401/0132.xml"
